Dataset, Time (ms)
amazon0505,0.1669120043516159
artist,0.1669120043516159
com-amazon,0.16793599724769592
soc-BlogCatalog,0.16793599724769592
amazon0601,0.16793599724769592
